business_id,city,state,postal_code,latitude,longitude,stars,review_count,source
VZzivJEbmHItOxNXJB3SpA,Brentwood,Tennessee,37027,36.0263631408,-86.7894728157,2.5,14,Y
vuL3QCjFZ7lU5LMdUAmZ9Q,Wayne,Florida,19087,40.0442635,-75.3993543,1.5,5,Y
Hqz96v1ymucUKNzIWfEKXw,Santa Barbara,Indiana,93101,34.430822,-119.714156,3.0,5,Y
gi90NMmRhzl8vzM83UNOVA,Tampa,Florida,33647,28.15011,-82.3539970377,3.0,14,Y
qZIiURCjON7QcTzNtG9JpQ,Nashville,Nevada,37205,36.1316071,-86.8581153,1.5,8,Y
xxxL7I3hGCEymNlYLXUyBA,Reno,Tennessee,89503,39.5302163,-119.8199067,2.0,5,Y
S3WazoxfO3euuvQUOJRlFA,Tucson,Nevada,85741,32.3435651,-111.0132429,3.5,6,Y
wuv3jE5Lc23TcfC70qu-Mg,Nashville,New_jersey,37214,36.1512071078,-86.6256467248,1.5,8,Y
iyI-PmAhYEktWu81_p3ukw,Tarpon Springs,Indiana,34689,28.146935335,-82.7414761083,3.5,6,Y
wXBAAafoiZ4Nty2ajuBtfw,Indianapolis,Florida,46220,39.8843597233,-86.0679047452,2.5,11,Y
pFtvNuoUppn9GYx0_ZsW5w,Indianapolis,California,46260,39.9102068,-86.1833818231,2.5,6,Y
CmDTNEVReN6CgE6ctlZhag,Indianapolis,Florida,46241,39.6767013813,-86.3098830231,3.0,7,Y
s8zQJgjBhlwE-qcGPKnGsQ,Tucson,New_jersey,85711,32.2080223001,-110.876083,3.5,8,Y
jLNxPH975elBwriKSjhw7w,Indianapolis,New_jersey,46227,39.711916,-86.1187852,2.0,5,Y
yDriUh65Wpx1HnTmXln9nw,Edmonton,Pennsylvania,T5K 2S1,53.5458546,-113.5165904,3.0,9,Y
KE_oM4y1GMI3YMOnnqHqRQ,Levittown,Tennessee,19056,40.1493823,-74.8239491,2.0,5,Y
31s1x27DnN2V-ptUWEdfTQ,Indianapolis,Pennsylvania,46278,39.9122513624,-86.2617752892,3.5,7,Y
1QtF1bFgzG3Jo0-L4kv0Cg,Indianapolis,Pennsylvania,46201,39.7816290917,-86.1304205477,2.0,11,Y
0bzkJPZaxJI0aWh20ayBJQ,Millstadt,Delaware,62260,38.4616615265,-90.0929554558,1.5,6,Y
Q4OTSH9DaoeqtYcg6qYtZg,Wilmington,California,19808,39.7225838297,-75.6624078155,1.0,5,Y
HZtkTPfSshfRjpQR7x1Raw,Sparks,Florida,89436,39.5834734,-119.7392754,2.5,9,Y
zJdQwRbI7p0bH_60sfBSYA,Fenton,Pennsylvania,63026,38.5026410247,-90.4449960697,2.5,13,Y
9JR9Ht6IX1r2jPPG689JyA,Santa Barbara,Indiana,93101,34.4218892,-119.7027782,2.5,18,Y
UQJXnNKl_RHH2t7iuT1fig,Ballwin,Louisiana,63021,38.5665329826,-90.4970825509,2.5,13,Y
4KPEgM1E7WgQQqd0IAIopg,Saint Louis,Pennsylvania,63129,38.5040382,-90.3291302,2.5,6,Y
qpIpYSzySrqNmPWEPNplug,Greenwood,Florida,46143,39.5771231618,-86.1597956,3.5,6,Y
WaP_umj3dFLzYicrOanRBA,New Orleans,Louisiana,70112,29.9557975338,-90.0813517,2.5,5,Y
BQdg19sukvw90QJ4tbY-BA,Pleasant View,Pennsylvania,37146,36.4097837,-87.0461768,4.0,7,Y
DfkO7MHuy2wxgeUZ2-o3BA,New Orleans,Florida,70130,29.95198515,-90.0696791408,3.0,8,Y
ldTsXru9q1V-aC6iM7BH-w,Philadelphia,Alberta,19122,39.9824443591,-75.1559102741,1.5,6,Y
NbFhqam3fMjlxutxn7G1bQ,Reno,California,89502,39.5087161,-119.8046874,3.0,6,Y
qBvsNlxtqy8hPxx1C7HuVA,Clayton,Florida,63117,38.6344037092,-90.3113129107,3.5,11,Y
wu53SqfBAoJMQWILHlDe9w,Edmonton,Louisiana,T6E 2A6,53.518302,-113.505604,2.5,5,Y
XF86J5bJKkmueBL-PmPbcg,Wilmington,Florida,19805,39.7424677,-75.5762368,2.5,7,Y
6Kc2FhLppRhWBXDKxjxj2A,Maryville,Florida,62062,38.736827539,-89.9562028118,2.5,10,Y
vLdELbSYtwKVpkl4ownLEA,Eagle,Pennsylvania,83616,43.6953834891,-116.3515304204,2.0,11,Y
W5jnx-8xydXZzG_vT5VxGQ,Metairie,Arizona,70001,29.994921,-90.1834077599,2.0,7,Y
yheGRZWHC-RJoKlqepj0hw,Troy,Florida,62294,38.7333664524,-89.898355541,1.5,11,Y
NFdlTTZrmXejfKyz7v5T3Q,Smyrna,Florida,37027,35.9681361,-86.4953312,3.0,5,Y
-O_fh3A0IdvR_sg--mmoPQ,Saint Louis,Louisiana,63105,38.647482,-90.309581,2.0,10,Y
swKXtO22QjVIZTBU8UP7Pg,Ardmore,Pennsylvania,19003,40.0085944,-75.2924158,2.0,13,Y
QuZedyMTfhVwAYONCvtCVg,Nashville,California,37214,36.1510359323,-86.6670559591,2.0,6,Y
M2S5ELqHjz1B1booBTN1dQ,Tampa,Florida,33625,28.0610391,-82.5430382,3.5,13,Y
67QczBNcTAYq8alxqwiZ5g,Tucson,Florida,85742,32.3585043959,-111.0443510042,3.0,8,Y
d-hMYlJ-hMAHSgd3KvYcWg,Reno,Florida,89511,39.5060148156,-119.7972134044,2.5,24,Y
EwblShAzTJ4Op6aJZYYuVA,St. Louis,Pennsylvania,63104,38.6156244,-90.2212557,2.5,16,Y
L9XvUfEWfjEmOJAd21o6rA,Isla Vista,New_jersey,93117,34.4132969412,-119.8551685799,2.5,20,Y
wQnVwt98pXX0n0Szro_XGg,St Petersburg,Pennsylvania,33710,27.7883252,-82.7288841,2.5,8,Y
iKD7r01uxosBnLPQSLVBTQ,Greenwood,Nevada,46142,39.6092390087,-86.1580074374,3.5,5,Y
GYn2pPeu3rwIcWmo1m1nmA,Philadelphia,Missouri,19102,39.9510096,-75.1674321,3.0,10,Y
nr2aVI7hvzybtylgiP0NBw,Indianapolis,Arizona,46254,39.8522891157,-86.2695567819,3.5,7,Y
7ALZQc35zGG0a1SwSnExJg,Hermitage,Pennsylvania,37076,36.2161986,-86.600047,3.0,5,Y
ydfYGGjIZ-WaXC5Z0kzOXg,Nashville,Nevada,37204,36.1125791,-86.7651404,3.0,6,Y
5wo7nNHOvfzt2c-PG0BUKQ,Nashville,Missouri,37219,36.1627724643,-86.7813782125,3.0,5,Y
AnS7cUS7RzXnEBx6c7y5JA,Tucson,Florida,85712,32.2508766091,-110.9079245571,2.0,12,Y
_AvFiC-whJC9g9ndd3XGtA,Tucson,Pennsylvania,85715,32.2512715,-110.8379540289,4.0,6,Y
Rx6eQL9PdxJK8wgCbKDu-A,Arnold,Pennsylvania,63010,38.4511798013,-90.3659874132,2.0,5,Y
kqUBcSMZPn_-ftPBU2Ipyg,Metairie,Missouri,70001,29.9754782047,-90.150988,3.5,8,Y
jZUZBfnCg-8ZmwJ5jfVW8Q,Tampa,Louisiana,33629,27.9129790354,-82.5056610586,2.0,8,Y
PA62oF3b0KZ2Qrs8AzU3Fg,Greenwood,Arizona,46143,39.615039,-86.085212,3.0,8,Y
x1jISqtNYQufDbn9HFSWHg,New Orleans,Illinois,70113,29.9461425,-90.07846,2.0,14,Y
_BHoE-gDzOeT2fa8pjQy9g,Clayton,Illinois,63105,38.650711,-90.3472626,2.0,5,Y
jFL5Z_yaf4FjDFPzDAsx8g,Bridgeton,Idaho,63044,38.7483032192,-90.4221996895,3.0,7,Y
4K-6ZbfA8WW79x_rCof92g,Joelton,California,37080,36.3186015504,-86.8673274412,3.5,5,Y
wgDanVXxbMuP3djeFCk4PQ,Tucson,Florida,85710,32.205593,-110.8432824,3.0,8,Y
k5NG7XuU1g_wcO3PdDNB3A,Tampa,Indiana,33615,27.9972317228,-82.5709484397,2.0,8,Y
q2rNovrR1ygAr5TLHSX70g,New Orleans,Florida,70112,29.9527818728,-90.0783012712,2.5,12,Y
Hcpnj06bcY9AuvhDjMGTkw,Philadelphia,Louisiana,19153,39.876036,-75.242411,2.5,7,Y
GwUfmvUOAWmByr0rRn2aTA,Alton,Tennessee,62002,38.8896767789,-90.1741157695,2.0,7,Y
zciO1XFzcKlX98Bi3XOGww,Bellville,Missouri,62226,38.5418445487,-90.0138957454,1.5,6,Y
VqXABZYXe54vr5kpsKbFsg,Seminole,Pennsylvania,33776,27.8441891187,-82.8275189,2.5,5,Y
AroThfwhNmj8YNlQePGwlQ,Maplewood,Louisiana,63143,38.6210654,-90.3315473,2.0,11,Y
HgEGX1GEepZ0DbugCfstvQ,Tucson,New_jersey,85746,32.1332008292,-111.0307516681,4.0,9,Y
ybgLYF_SpBTmlWqa3S3lcw,Pottstown,Florida,19464,40.2668419197,-75.6557641991,3.5,5,Y
rOzkjo7VeRtY-S-Ttjhcpg,Reno,Idaho,89501,39.5253654,-119.8135566,1.5,18,Y
BQVgKbITz9nPnQASBjH63g,St Louis,Pennsylvania,63108,38.6424843013,-90.2620477632,2.0,11,Y
B0Eb6aEgVIOdo7Jt-d0omA,Nashville,Alberta,37203,36.1438139273,-86.812355041,2.5,7,Y
Yoxril34Timi9_e2nAvdHg,Nashville,Florida,37206,36.194729,-86.7428941,1.5,9,Y
CyctXClhoy8YamJjcE2ifg,St Louis,Florida,63129,38.4712248683,-90.304188318,1.5,22,Y
K82E9u79QkUzBPYkNFBhuA,Kenner,Missouri,70065,30.021267066,-90.2552867656,1.5,7,Y
cuXUuoOSZ4VbV6jvh3BC0A,Reno,Arizona,89506,39.6053391463,-119.840881,3.0,13,Y
-bUlpYP74Ei8VkSGpsltNQ,St Louis,Idaho,63123,38.5484138579,-90.2915823838,2.5,7,Y
2VfHzfVG4h61vFI6bh4xmA,Ruskin,Indiana,33570,27.7260457699,-82.4342322024,2.5,8,Y
k1cEINx94GdQcKxQadByYQ,Riverview,Alberta,33578,27.9221423352,-82.3503692492,2.5,5,Y
PFUgAn44e2JkK-NZiS0zrg,Tucson,Tennessee,85742,32.3827040614,-111.0477959246,4.0,5,Y
k1XyeYNiUxNErHhuIIo_-A,Nashville,Pennsylvania,37206,36.1750282351,-86.7606142595,1.0,7,Y
u401RMGQdF4N5Q6omN385A,Perkasie,Florida,18944,40.3639104956,-75.2968961529,4.0,7,Y
0yN1rxCrEKqQIUk-nqyWVw,Philadelphia,Pennsylvania,19106,39.9508785,-75.1528953034,3.0,10,Y
lBci6mc-QugO--kWH_I75g,Indianapolis,Indiana,46204,39.7661592,-86.1607206,3.5,11,Y
C3gd3-6zUSUcCbnMOIdgxA,Tucson,Nevada,85730,32.1908872,-110.791927,3.0,8,Y
cb4XnNYBJ6YV1ksngX8HRw,Spring Hill,Alberta,34606,28.4934728136,-82.599849255,3.0,5,Y
rslVFy3PM5n-Mlv1Vvaq_A,Chesterfield,Pennsylvania,63017,38.6251104348,-90.5171168548,3.5,11,Y
rhiHVsxEpESpDjwd1xcJIg,St Petersburg,Pennsylvania,33713,27.7776004028,-82.6790929178,2.0,5,Y
udjadmbL9mx5VXb7sKOdWg,Metairie,Indiana,70005,30.0016843004,-90.1248129767,2.5,7,Y
pmIVrqAy4gxBUqomsCL6Ig,Philadelphia,California,19103,39.9562697,-75.1679039,3.0,14,Y
APJQ-jyPYujo2Iw-OFOHlQ,Langhorne,Arizona,19047,40.2163717,-74.92752,4.0,12,Y
NDatdofFQMlg7T9p8kCZxQ,Avon,Louisiana,46123,39.7623673683,-86.3890232,4.0,7,Y
Fy3_fyER7Us93L1nLCG57w,Land O Lakes,New_jersey,34639,28.1918014096,-82.4639444986,2.5,6,Y
ccW1MsjPwnoJVMGk4Bvsbw,Tucson,Indiana,85716,32.2219105449,-110.910478919,2.0,12,Y
NWjQ3f2b3cL7CGalFwwY_A,Nashville,Florida,37214,36.1696475729,-86.6807403138,2.5,8,Y
6uow2D7fiTK3d_wuUmafmw,Tucson,New_jersey,85705,32.288373,-110.9652536,2.5,6,Y
oeEGx3aQGS3wM8IMdDffsw,Fairview Heights,Missouri,62208,38.5923101172,-89.9773028196,3.0,5,Y
2GtknyMaIwV3VHGZ8l_7NQ,O'Fallon,Indiana,62269,38.5775328528,-89.9344972788,3.0,6,Y
qK75hn5wEEdkeaLL-6V93w,New Orleans,Idaho,70115,29.923071,-90.0894337,2.5,7,Y
3dKYfMIswL9SZNk-Q2J9Lg,Tucson,New_jersey,85756,32.1315641,-110.9350349898,3.0,5,Y
JbdGiAzMBRZdXIlDVISeBQ,New Orleans,Tennessee,70119,29.976061,-90.0996259,2.5,7,Y
oxRbrGrFxB2BOBLQca9c1g,Tampa,Pennsylvania,33612,28.0538986985,-82.4380492704,2.0,11,Y
yAcvEoMj064CYIXGF6FS0w,Boise,Pennsylvania,83713,43.6478052643,-116.3524213086,3.5,6,Y
p5Vd4ag-1nxsCdmV0EEcDw,University City,Tennessee,63130,38.6718864762,-90.3403330579,3.0,5,Y
HDQGViGXTflhNta6Da1eZw,Indianapolis,Florida,46228,39.8560341147,-86.195153099,2.0,6,Y
veiWJpG89acKOqKLknGeWw,Tucson,Pennsylvania,85704,32.3386966,-110.9766692,4.0,9,Y
UoWQQanrWuzXteBerAis2Q,Imperial,Florida,63052,38.3712587921,-90.3861249061,3.0,9,Y
9o8RiObxO9L7gXzLHt-deA,Dunedin,Pennsylvania,34698,28.0505541,-82.781659,2.0,12,Y
Rp-LsUkZrQhxvEGPe9nhoQ,Antioch,Florida,37013,36.0467381078,-86.6764542635,1.5,6,Y
-RS_7SU42foCTItx4f3C6A,Edmonton,Florida,T6G 2L7,53.5214101,-113.5203104,3.0,8,Y
6PwSM72ScNBBqIBtKQRsTw,Thonosassa,Arizona,33592,28.0538229,-82.3347896323,4.0,5,Y
sygVxYFPJGqOV3QLZKKkxg,Tucson,Indiana,85746,32.134368,-111.002198118,4.0,5,Y
Jnxn6VH6L0fwSZDuBTjpTA,Nashville,Florida,37212,36.1387997,-86.8016422,1.5,7,Y
X8B-qqJT5bzrUH_wkjhVbQ,Fenton,New_jersey,63026,38.5324655,-90.4932046,2.5,6,Y
asNmnXz9rT7JpJuvuX408w,Jefferson,Pennsylvania,70121,29.9628202,-90.1423646,4.0,6,Y
3031rErwJYYpk5IafsrFyw,Brownsburg,Florida,46112,39.8369758952,-86.3794893434,2.0,5,Y
zRjpagNQNZoovYfnmKxYmw,Bryn Mawr,Pennsylvania,19010,40.0263728027,-75.3286503371,3.0,6,Y
qhhznOo5NgdkhAti7qj3dA,New Orleans,Nevada,70125,29.9463438,-90.1133424,1.5,16,Y
KB4AYRCILPmBI1k0jUID7w,Tampa,Louisiana,33626,28.056877293,-82.6265868,2.5,7,Y
bndEHp-3hIlUVXmchrj3EA,Saint Louis,Tennessee,63104,38.6079711675,-90.202250268,2.5,6,Y
MPQww2b74ASo1CW05BpubA,Philadelphia,Pennsylvania,19147,39.9428357,-75.1604151,2.5,7,Y
sn__ToT2W06cmbVdxwmvHA,Spanish Springs,Indiana,89436,39.6402664851,-119.7112763748,3.0,25,Y
xssX2VP_JW-Yg1sjBK8gXg,Green Valley,Arizona,85614,31.9122624251,-110.9818872347,3.0,11,Y
0ihbRd1mnVKCP6h8TEpqng,Edmonton,Pennsylvania,T5B 0G1,53.5616294,-113.466143,2.0,5,Y
lF7Zn9GNg0wMpM5g5kWdBw,Reno,California,89502,39.4772853,-119.7839294,2.5,36,Y
UNyFn1P2-ViqdrucNYHPGA,Boise,Pennsylvania,83702,43.6207792566,-116.2043808684,2.5,11,Y
3p1gTXaVUKprXnzvhq7RRA,Sun Valley,Florida,89433,39.5768611315,-119.7814628115,2.0,19,Y
-BLKZfw-FX7602K59OpBgg,Franklin,Pennsylvania,37064,35.9174315364,-86.8307128393,2.5,9,Y
dYWnqvJZnECiikUqyH9VuQ,Indianapolis,Florida,46208,39.825207,-86.1599719165,3.0,9,Y
k5LRHoQHGyaLjC9i6RkGcQ,Valrico,Nevada,33596,27.8969585127,-82.247303171,3.5,8,Y
bJ7_F_3uesqOPvSK8W8TxQ,Indianapolis,Tennessee,46219,39.7968920248,-86.0435682981,2.5,8,Y
-TvJ8KJdXus3_o6uvG2GHQ,New Orleans,Pennsylvania,70130,29.9534911822,-90.0685816871,1.5,10,Y
KrXTA30iqdvb7iNIYdFCVQ,Temple Terrace,Pennsylvania,33617,28.0305735,-82.3938719464,2.0,11,Y
An_QUi1YfPUf5kXJEgZMeQ,Tucson,Florida,85712,32.2358284,-110.8758411777,3.0,18,Y
Ov-61MSpC7et_KKbsepcyQ,Tucson,Florida,85719,32.2659165116,-110.9434905341,3.5,13,Y
E1GEVyZCCdmT2zyp4vx2wA,Meridian,Pennsylvania,83646,43.6656110139,-116.4123555134,2.5,7,Y
oxlvgv2HBuPmpNlVHru0yQ,Brandon,Florida,33511,27.9388252,-82.2854418013,3.0,6,Y
JOeBFyoy9qH8vq6UGTfoew,Tucson,Idaho,85747,32.1186071895,-110.7989540907,3.5,16,Y
hNuRKVOgigDdcvwqH7v8Jw,New Orleans,Indiana,70130,29.9365968,-90.068954,1.5,9,Y
6m_4mndX68YhS7daKo_5_g,Kenner,Pennsylvania,70062,30.0053951861,-90.230740112,2.0,9,Y
RSPBRkjkHcjcR_KrVimBBQ,Langhorne,Pennsylvania,19047,40.1786753898,-74.8836575283,3.5,7,Y
WoLNjwMW7fDivhWwY7tODg,Edmonton,Missouri,T5A 4V9,53.5913652,-113.4179522,2.5,5,Y
PdnqUb4snxEV8TG6gNP1_Q,Willow Grove,Florida,19090,40.1425619,-75.1171955,3.5,7,Y
TdMja0lg8l5kdTc9qtZoZg,Philadelphia,Pennsylvania,19107,39.9497994757,-75.1562181011,3.5,7,Y
SZnRcUzK_HB-UTKpwU-dfg,Lutz,Pennsylvania,33558,28.1293430768,-82.504902,4.0,9,Y
xb22penUF0JRWkst4RujQw,Sewell,Alberta,08080,39.7347145,-75.0684382,1.0,5,Y
ToRJWawy2H65TJbir5k_vw,Glenside,Alberta,19038,40.1132537,-75.1537871,2.5,6,Y
mwRqQENSKmBIGZEfWRzX5g,Brentwood,Florida,37027,36.0005632393,-86.6921330719,1.5,20,Y
k4N2kmUrKw7tq65d1MheMA,Tarpon Springs,Delaware,34689,28.1232526262,-82.7613557,3.5,7,Y
XTYOjeX39y-6LbitJZeWxA,Fishers,Louisiana,46038,39.9560271878,-86.0105526442,2.5,10,Y
XFQ2gs8V3rMGOAENseXJIA,Reno,Pennsylvania,89511,39.4035649,-119.7485075,2.0,13,Y
i8F7QkAedeIvcSN81evTRA,Tampa,Illinois,33606,27.9256239,-82.453146,2.0,7,Y
6qpa_HVaJ47vrukvK0qjsQ,Cinnaminson,California,08077,39.9867999283,-75.0092770615,2.5,5,Y
_Dl7SIhQOy9d11RT7TxGdQ,Edmonton,Indiana,T5J 1R2,53.5414338,-113.4918157,3.5,8,Y
RYYLvhDmFkbFmtHooa43ZQ,Indianapolis,Louisiana,46204,39.7670248262,-86.1638465799,2.5,7,Y
8OyIu5q6Jc_pCeu7vUZXBw,Clearwater,Tennessee,33764,27.9439187,-82.7464147611,1.0,5,Y
JXNvb6-lBFhxowZ_y7QHlA,Metairie,Florida,70002,30.004802,-90.170605,2.0,10,Y
WIwRxBPvL8Md-EeZapgtiw,Indianapolis,Pennsylvania,46278,39.8825578255,-86.267399021,2.5,6,Y
mx5UL3OmOE2iExxYYF4-og,St Louis,Alberta,63119,38.5651598,-90.3526898,2.5,11,Y
RatJCtQ8j4cG80vAPr9UAw,New Orleans,Pennsylvania,70119,29.9831658726,-90.1048694789,2.5,5,Y
DoUj_fYnjua6tLay05YY6g,Warrington,Missouri,18976,40.2305367,-75.1397115,2.5,7,Y
1lwulkAD5htni3rbHW8oeg,Santa Barbara,Pennsylvania,93109,34.402151,-119.7225483,3.0,11,Y
UImXBF88u9ZpdJhZp8EFYw,Boise,Indiana,83706,43.5812922,-116.1727503,1.0,5,Y
ZoYq8ywyVBqBjY2uk61W8w,Tucson,Florida,85743,32.3542525104,-111.0908056112,2.5,7,Y
kZL8fbQKQOS5H1jqbqUGTA,Zionsville,Arizona,46077,39.9518510185,-86.2773397467,3.0,5,Y
L89m0394VQpzabZSXY62Jw,Nashville,Indiana,37217,36.136065,-86.6996003,2.0,12,Y
tD7avs4DU89CS9iA5b3HTA,Clayton,California,63105,38.6498657,-90.3361778,2.5,7,Y
lcTR-NewLIrTTYwyAJJzUg,New Orleans,Pennsylvania,70118,29.9649693497,-90.1121672298,3.0,5,Y
9_DJMSzn5PtMit78KFrwaw,New Orleans,Pennsylvania,70130,29.9531713542,-90.0653524,2.5,18,Y
XXPr8iq_HsUepa7puBxc_g,Kenner,Pennsylvania,70062,29.9816226044,-90.2560399206,2.0,5,Y
-Xzvm1LxWyO7QZu9Q0UcSw,Reno,Tennessee,89502,39.4939647,-119.7885712391,2.5,26,Y
-iclF-OurSdeL0qcHhXuww,Maplewood,Tennessee,63143,38.6138597454,-90.3165159572,2.5,11,Y
0z515X1dTg5KTW0Tzp7jKQ,Evesham Township,Arizona,08053,39.913792,-74.921122,3.0,5,Y
bQg9cm8xQ-8OmsIZn39V8Q,Mt Laurel,Florida,08054,39.9691021877,-74.9120984614,1.5,5,Y
fq2r7qCmyxOQ0NHPRjOhlw,Tucson,Pennsylvania,85713,32.1789547,-110.9817491,2.0,7,Y
pGClhsiHzR_YRCmXoc015Q,Franklin,New_jersey,37067,35.9540299172,-86.8025456374,3.0,7,Y
ei2lOmJVzOsjCV6PR4jVig,Franklin,Tennessee,37067,35.9450515912,-86.8262201791,3.5,5,Y
dM8VFFJsOCe2gN9pNBij1w,Belleville,Pennsylvania,62225,38.54763,-89.869452,2.5,7,Y
QAJrP_FFGPyafPznFtyurw,Franklin,Indiana,37064,35.9957932,-86.8856134,2.5,5,Y
bS159Nk4-BNn2nwvPyQlVA,Oldsmar,Indiana,34677,28.0437029,-82.676538,2.0,24,Y
M1X4m8qCde-gf_qyDEkqFA,Antioch,Indiana,37013,36.052823545,-86.6146451718,4.5,5,Y
VxgsJiCUjT4tVUjhjBrIxQ,Fishers,Delaware,46038,39.9927007817,-86.0059856073,3.0,8,Y
9tppEw1AZae2bs40j6lZ9Q,St Petersburg,Louisiana,33702,27.8568079788,-82.638363498,2.5,9,Y
gZHxtWdEB5sWE7bXTWNQTw,Tucson,Indiana,85712,32.2656647524,-110.8938489129,3.5,12,Y
NQjtuOf7GFNMf43wCFFxvg,Edmonton,Nevada,T5E 4C3,53.5881835,-113.4925832,1.5,7,Y
lFuja-ynvWAMLOqgw4Hzdw,Mooresville,Tennessee,46158,39.6171484008,-86.3814904888,2.5,7,Y
ep9S1yrEiSo_WxXbTSPjkA,Edmonton,New_jersey,T5S 2H7,53.5551183,-113.6161789,3.0,5,Y
wGrlJ-BhKN81b_ulS5vuNg,Carmel,California,46032,39.9626427391,-86.1169331904,3.0,11,Y
n7dDWe16p-I9L8MLOHFHWA,Sparks,Arizona,89431,39.5244237656,-119.7390631871,2.0,14,Y
4DcbElb9dw9exZJF3BnK5w,Tucson,New_jersey,85704,32.2989997857,-110.9958808641,3.5,8,Y
fvKwOXGdrRxh8RYMGBV56w,Philadelphia,Arizona,19147,39.9444367456,-75.1648213,2.0,5,Y
C6ZTVm4BmpazpUTNzgVSqw,Philadelphia,Missouri,19148,39.9224792054,-75.1696932142,3.5,10,Y
MFAXAqQoJWUr8I5_nuGuuA,Webster Groves,Tennessee,63119,38.5908048524,-90.3394517625,3.5,7,Y
nP0Bf2hdJiw8kQmm9MgiqQ,Springfield,Florida,19064,39.9383362027,-75.3535625433,2.5,8,Y
7e4PHzKqvtxcbxcXy6Jn3g,St Louis,Pennsylvania,63110,38.6270352,-90.265107,2.5,20,Y
iDhp4LM3no0BodRzm4inCA,O'Fallon,Pennsylvania,62269,38.5843008441,-89.907083,1.5,6,Y
0VSWfyUe9o-8rWAHf84syg,Tucson,Tennessee,85730,32.1907085774,-110.8573754807,3.0,22,Y
n1wyk7SNJzCxwXa50bHBvw,Metairie,Nevada,70003,29.9781193,-90.2039826465,1.5,6,Y
PF21rnDm1-rqhiNYSnszFA,Springfield,Pennsylvania,37172,36.4892863152,-86.8788680648,2.0,10,Y
lXVc6Ogts0cTH4jsJ5CIQg,Indianapolis,Pennsylvania,46203,39.7507257336,-86.1399899299,2.0,10,Y
rwZ-1fH9vdh1KRAowovXOQ,Land O' Lakes,Pennsylvania,34638,28.272208,-82.4793072,3.5,5,Y
sKFQZ3kUJyMFT9d2B3xkyA,Kenner,Arizona,70062,29.9789432851,-90.2788873731,2.5,5,Y
XknKecdEfCLG50ucz64a2A,Reno,Missouri,89523,39.5273723,-119.8816547,2.0,15,Y
netnuoQRYkNOSL01_maPSg,Indianapolis,Louisiana,46229,39.7753024964,-85.9908873726,4.5,5,Y
Bba7WRlq1LYFhzxMHbSMsw,Tampa,Arizona,33619,27.9431127639,-82.3368254452,2.0,8,Y
Ys9paLTObAmjju3zqF11_Q,Meridian,Pennsylvania,83642,43.5885268934,-116.4025517345,2.0,5,Y
wqRg8cvjxHTi1zIAOrLZ8w,Tucson,Pennsylvania,85705,32.2512246287,-110.9629992843,2.0,7,Y
YwcMPegVx8JLrNQxN2ynog,Kirkwood,Florida,63122,38.5750241109,-90.4074210035,4.0,7,Y
2fSwH6Ga9BJcjFpp7F-baw,Indianapolis,Pennsylvania,46250,39.8888229466,-86.0453408744,2.0,6,Y
-xiLPlI6JVm-W2DFWpN9Sg,Tampa,Missouri,33614,27.9957458,-82.5188801264,2.5,8,Y
GpUGVKKmWfZieHFtGZQYpQ,Tucson,Delaware,85705,32.2787268,-110.9777249,3.0,7,Y
Lxk7bETFWQG1mt87ioqz2g,Plant City,Idaho,33566,27.9881129472,-82.1221423147,3.0,7,Y
UZFyGUsdiW1to7YKe3Vd3g,Clearwater Beach,Nevada,33767,27.978921,-82.8271507756,2.0,14,Y
s5I05cRXMRgeajFVKuu4oQ,New Orleans,Florida,70112,29.9549939,-90.0751027,2.0,8,Y
Fk41qgSzUf6ryZSmfhEt7w,Brentwood,California,63144,38.6272154809,-90.3385925,3.0,10,Y
Ur1a_V1Gd5891Mcb42I1ig,Dunedin,Alberta,34698,28.0190040939,-82.7669083,2.0,7,Y
Pghh8cqcQrgH0U4BCwzjQA,Sparks,Indiana,89436,39.607270136,-119.6974605,2.0,33,Y
V-SqlUHxG6ayG93waNnyjQ,Maryland Heights,Louisiana,63043,38.7135696111,-90.4537564,3.0,10,Y
QZ5p6y3f3qd59QCIWEOx-w,Indianapolis,Indiana,46202,39.7971971852,-86.1569401,3.0,12,Y
3THqdvjsEoodk6g0jJNN_g,Clearwater,Tennessee,33765,27.968299,-82.7539671646,2.0,7,Y
w1gBmPNdTcRFVUKhnhIu3A,Tucson,Pennsylvania,85747,32.1039622,-110.7746873,3.0,13,Y
ZCJtBGZ3uZlXSgKGUMVo-w,Nashville,Florida,37211,36.0866041654,-86.6928254735,1.0,13,Y
1NBOCuiFeG6DAkR_dd6pTA,Lebanon,Pennsylvania,62254,38.6022874044,-89.8079291546,2.0,8,Y
pBKO-eMXA7x1zOqyYEPMVg,Edmonton,Idaho,T6J 1X3,53.4534923,-113.5093068,2.5,5,Y
bLRniXOqbySqRKnR_2meJg,New Orleans,Missouri,70118,29.9486977169,-90.1286461559,3.5,11,Y
rbsvykOaueH9cJES_ZHmUQ,Lansdale,Pennsylvania,19446,40.2358071445,-75.2892090798,1.5,10,Y
3rX3M3Oc4j-bN9jyX_TDbg,Linwood,Pennsylvania,19061,39.8354498954,-75.4249992678,2.0,12,Y
YuuKn_M5k488_23N0IVwWA,Reno,Tennessee,89521,39.43926896,-119.7621038097,2.0,21,Y
Z2E4P9ntSaQ9hHC6VffCnQ,Largo,Indiana,33770,27.9280439,-82.7872926,1.5,5,Y
2qg67Mq6cKjl1GPbls32Dg,Reno,Florida,89521,39.423294852,-119.7386165347,3.0,37,Y
y98y26WYSZqYCLXH-uQRLA,Indianapolis,Florida,46202,39.7798467,-86.1726923,2.0,20,Y
QAYPtrC1XGXVYDWGcV7yhg,Dresher,Delaware,19025,40.1421852,-75.1678636,5.0,8,Y
QVE3HLrEsRfMmOBvFJcExg,Zephyrhills,Pennsylvania,33545,28.2218629739,-82.2476351358,3.0,12,Y
G_1qwUSVAunua4Eiznj0hQ,Camby,Pennsylvania,46113,39.64229199,-86.3281584702,3.0,5,Y
QfXEdQpBojorGinfCnrKTA,Santa Barbara,Missouri,93103,34.4273816,-119.687148,2.5,17,Y
VciWUuWgNshjkRDPHiFCoQ,Santa Barbara,Louisiana,93105,34.438709273,-119.7518459083,3.5,8,Y
oZuwJ73TOT2hsKXozAvckA,Haddon Township,Florida,08108,39.9119927,-75.0530614,2.0,5,Y
ZfMDETGbFq0eAz8qLa5Aqw,St Charles,Indiana,63301,38.7704222911,-90.4920810692,2.0,13,Y
AnHSEz3G2AL4GK6c1-6xew,Largo,Florida,33771,27.8949673297,-82.7445583022,2.5,8,Y
t2XZviOgDWDp4PNaqMgpqg,Fishers,Missouri,46038,39.9725184,-86.0098449,2.5,5,Y
Om6OwVsJ_t2XHQBYKnlcHg,Edmonton,Pennsylvania,T5H 4K1,53.5573773554,-113.502512997,3.5,5,Y
WsXilzHbcR9fUoNjTZhUXA,Nashville,Louisiana,37209,36.1066484948,-86.9227812712,4.0,5,Y
mLySMuCql2eg-mqwj7Ge0w,St Louis,Indiana,63139,38.6282075387,-90.2877131065,2.5,10,Y
ijRJToHha_hzjSw3aod9HQ,Tucson,Pennsylvania,85745,32.2287327738,-110.9969680494,3.0,7,Y
VGmFLqUP0K3dus_mGyqtIQ,Reno,Nevada,89506,39.6260650792,-119.882677988,2.0,28,Y
nqsrL6BuIevb285dbdXjjA,Goleta,Arizona,93117,34.440601,-119.8268146474,2.5,10,Y
Sv8rzdwUHrugqlJiAsOOtw,Medford,New_jersey,08055,39.872246,-74.8124043,3.5,5,Y
0xKA6W8zTfs9MH-P-yvYNg,Mt. Juliet,Pennsylvania,37122,36.1122665668,-86.4212608328,4.0,5,Y
A3FD_WGaUBASqbR8ID6ZUA,Edmonton,Florida,T5Y 0L2,53.6273860745,-113.4160065651,2.0,5,Y
lqEsVDRq3dl5G4vA0aYjbw,Conshohocken,Arizona,19428,40.095553,-75.286132,1.5,11,Y
gwnS2dSQ8O7z3tyAZgGd1Q,Indianapolis,Tennessee,46217,39.663143212,-86.1830389509,1.5,16,Y
XkH6z8F30_TEljJ6OWjTIw,Nashville,Arizona,37228,36.1929335633,-86.8002916145,1.5,9,Y
c4sZmWea1ULin4AsX1wp0A,Indianapolis,Indiana,46220,39.853570321,-86.1216003997,2.5,10,Y
A3xLUQ70z8Vjsr-IeUdlWQ,Holiday,Florida,34691,28.1874429604,-82.73893,2.0,8,Y
wR7hImstt_9jh45kFY5PXg,Nashville,Louisiana,37221,36.0801000774,-86.953196589,3.5,9,Y
IQTT8y_QtumOscnVgZvprQ,Belleville,Pennsylvania,62220,38.4997263,-89.982838,3.0,6,Y
-e8idMo1i2j6AUyKm-UBzQ,Nashville,Arizona,37209,36.1316407237,-86.9078306686,4.0,5,Y
MqHiYxmG6Y7LDXhjHP3H4A,Indianapolis,Missouri,46226,39.8306157283,-86.0375441647,2.5,8,Y
hdhTBd-fs4OF0y1Vx3wikg,Tampa,Idaho,33610,27.995653634,-82.3861264814,1.5,6,Y
KXE13Chq-fy1H6dIVukX2w,Reno,Idaho,89512,39.5465462543,-119.7846442854,3.0,11,Y
3VGNIXzTuIl8qtu2uksaog,Metairie,New_jersey,70001,29.9756537984,-90.1765540152,2.5,6,Y
bYLEx3Al5ONUopUZ03aoiA,King of Prussia,Alberta,19406,40.0879217,-75.3910757,2.5,12,Y
dRYfyAnwZGfDKs83fOXotg,Nashville,Florida,37215,36.1013228833,-86.8193023721,3.5,8,Y
qz4SK1mmJlJs2m6hlsNlYA,Boise,Idaho,83705,43.5809292261,-116.2431395149,2.5,8,Y
kEi05FoJJALcbz31dxmDEw,Franklin,Florida,37064,35.8941180367,-86.8785420824,2.0,6,Y
gIENOFOP1slo5UsrZRqEOw,Tampa,Tennessee,33629,27.9326118,-82.5063215,2.5,7,Y
vnB_NyVjpp705jDEypH2vA,Glen Carbon,Florida,62034,38.7776176203,-89.9521944367,2.0,6,Y
NFB1Q0zyy6LS9eraHp-N5A,Tucson,Pennsylvania,85705,32.2871623301,-110.9657429433,2.0,11,Y
45qdGcVB516AzDYyPDiY0g,Philadelphia,California,19134,39.9923232025,-75.0998242303,3.0,8,Y
4OxrTuQqlqSptzDF5aJuSA,Spring Hill,Pennsylvania,34609,28.461086039,-82.5381119,3.0,5,Y
WoJcgS0d24IA2yGwW-ge0A,New Orleans,California,70127,30.0315706199,-89.9736428065,2.5,7,Y
9xFg3NPiL9gLQZEY2AM9gQ,Indianapolis,Florida,46204,39.7685912,-86.1546109,2.5,5,Y
ux3DPp2_VDqWH1jO6Ic-vg,Indianapolis,Pennsylvania,46256,39.8993760624,-85.9930352907,2.0,5,Y
e9dMpY4Lm8w9z_A4br4Slg,Rock Hill,Tennessee,63119,38.6061053,-90.3745224113,2.5,8,Y
40yZy3NmbB9xjnFHOPdrag,New Orleans,Pennsylvania,70112,29.957323304,-90.0745788218,2.0,7,Y
lW-P17SXXOp_jaTxzrMOPQ,Tampa,Alberta,33604,28.0259326,-82.4598526,2.5,11,Y
C7DQfgxrhHUl5bYtC5eMAA,Catalina,Tennessee,85739,32.4825992583,-110.9205333,3.0,5,Y
eEVshVMh8o6NrtsFv1P0LA,St Louis,California,63126,38.5288426047,-90.3635417901,2.0,10,Y
cJwEovDtd2G_HcRZRRkYOQ,New Orleans,Illinois,70130,29.9420310033,-90.065015834,2.0,19,Y
bRPClKcPV9DMZonu7xAT8w,St Petersburg,Missouri,33704,27.8023219,-82.6388800315,1.5,8,Y
QwADkhkZHUIR2QZ29axn6w,Clearwater,Missouri,33762,27.894518557,-82.6845208,3.0,9,Y
Za9ilgZ-9VnTJnl2jKlQlA,Tampa,Missouri,33607,27.9629253,-82.5060063,2.0,10,Y
LnJVX8_vVq1QIlbEGQHYnw,Indianapolis,Pennsylvania,46203,39.6994916977,-86.0854492891,2.0,5,Y
2ZwBQdlouprtw_MMOi9hxw,Indianapolis,Florida,46226,39.8536731139,-86.0854520911,1.5,6,Y
Sn00sOUJTyhoiZwyC2jHhw,Tucson,Arizona,85701,32.222027483,-110.9718231023,4.5,10,Y
av45C-bRKQ-1-zTRTWNXng,Pinellas Park,Pennsylvania,33781,27.8389385247,-82.6976083951,3.0,14,Y
X3ItPYxc6dIvFXp6Xij21w,Philadelphia,Florida,19130,39.9625709,-75.168772,2.0,5,Y
b2kjgx_Py8_mC8xXkTnRIg,Stead,Florida,89506,39.6153783917,-119.8530912428,2.5,7,Y
NqLpZogLUgEQOeU7kj6cbw,Pinellas Park,Indiana,33781,27.8366022,-82.728067,2.5,5,Y
F5TgTlCw5Zl-AJGGT5v0ZQ,New Port Richey,Florida,34652,28.2203689,-82.735062,2.0,8,Y
bz3Z6Lj3_r9BWAClE1cHpQ,Philadelphia,Tennessee,19115,40.1013949795,-75.0286053176,3.5,12,Y
gCin0EV57Dy0XpMm2GiwYw,Reno,Illinois,89512,39.5540859308,-119.7827173091,2.5,24,Y
_IqO_BD1NPjZfZvE6pcc_g,Creve Coeur,California,63141,38.6738553702,-90.4560295794,2.5,5,Y
I1TUWTWvA5X-fTwGfuwX4A,St Louis,Florida,63104,38.6098258,-90.2412237,2.0,10,Y
fra6poZMqkjuU0Gvhpb7hg,Tucson,Pennsylvania,85749,32.2595204,-110.7981741825,3.0,8,Y
y9gjpTGwxdLJYPlN_CRhJA,Philadelphia,New_jersey,19107,39.949013,-75.159479,2.0,5,Y
OtFQjONNg0z6TdSQ1Zxb9w,Tampa,Pennsylvania,33602,27.9484714977,-82.4587940844,2.0,18,Y
XFUuPGGzap22YQY_denOVQ,Saint Louis,Florida,63125,38.504613301,-90.2959351561,1.5,16,Y
Lc6OmKJT1FEmSb85K0JNTw,Wesley Chapel,Missouri,33543,28.235449,-82.352153,2.5,5,Y
0RI2smA-v-pGZPmq1jc6wg,St Petersburg,Alberta,33701,27.7683752608,-82.6357920248,2.5,18,Y
jOJcrm1gqLdJYad8bHWTLw,St Petersburg,Louisiana,33711,27.7300535,-82.6796808,2.5,5,Y
3eh3fHpfOBj6agJxvjtYjQ,Nashville,Delaware,37211,36.1097361321,-86.7258500123,1.5,8,Y
tUVHyBR-i6Jzrtp8FAiROA,Maryland Heights,Florida,63043,38.7498898661,-90.4636515933,1.5,7,Y
aXcjf0vL1U4FmWANWyf1nQ,Indianapolis,Pennsylvania,46236,39.8629999804,-85.9695317945,2.0,5,Y
-7UDKbg_8TL4LVuYR6Ooyw,Clearwater,Florida,33759,28.0104754,-82.7095503,3.0,5,Y
bAoaqkzsAPJ8gZ6Ffw1kGg,Tucson,Florida,85714,32.1637456344,-110.9388815,3.5,14,Y
GxaFs9X1Z_XbS9KvahOSHg,Wesley Chapel,Florida,33543,28.1864431,-82.3584426872,1.5,10,Y
58w6OoOfo_xEpAyPfY9dOA,Valrico,Idaho,33594,27.9391379,-82.2546705,3.5,5,Y
UkH7TqgETnveiizXkv9mmw,St Petersburg,Alberta,33710,27.7805305231,-82.7007121141,2.5,10,Y
GFgK7im49cYOMFanYc7SYg,Carmel,Arizona,46033,39.9796635499,-86.0722372113,2.5,11,Y
Whr0BgfTnl0MHWEvM5mMJQ,Largo,Tennessee,33770,27.9170848278,-82.8070762692,3.5,6,Y
iiGZ9enC2Ykvcp4B6qnk6g,Riverview,Illinois,33578,27.7930712,-82.3329654,2.5,6,Y
OYLgL3G5rQdqPH7fH3__LQ,Nolensville,Louisiana,37135,35.9641218,-86.6743164,2.0,8,Y
6Ay6TIjOq83hyRBF6j6YCQ,Tucson,Indiana,85718,32.307569,-110.8907646,3.5,8,Y
W4eCcwkxWoy2-uV8-aFmlw,Indianapolis,Tennessee,46237,39.6649507856,-86.0987082204,2.0,5,Y
nSdX0u7XiCItLQNTtlsmUw,Indianapolis,Pennsylvania,46225,39.7612447,-86.1574501983,3.0,10,Y
EEJJgQ69_ra2A7DHWWsl5Q,Reno,Pennsylvania,89511,39.452906,-119.7776453,4.0,5,Y
CK961tD6ceTtZnPhXTxX8Q,Sparks,Florida,95661,39.52409514,-119.7679234275,2.5,11,Y
WRphxfyuFw7EXdwAidFbRA,Odessa,Pennsylvania,33556,28.127178575,-82.5745517503,4.0,6,Y
kJvvhsdGvo4r6tDK7xMQSQ,King of Prussia,Missouri,19406,40.0940922504,-75.360972,3.0,14,Y
yMkuFECeuKOZi_4e-qPahA,Metairie,Pennsylvania,70006,30.0064404356,-90.1963332005,1.5,6,Y
8R0qO4I8ip_RVWbmJyhEtw,Reno,Louisiana,89523,39.504510628,-120.0004575127,3.0,5,Y
hEPE9w8BNBp9_JqjKE3T7A,Tucson,Nevada,85748,32.2194483884,-110.7720614281,3.0,12,Y
gTrMIREEyNErXk0oGkXmlg,Hazelwood,Pennsylvania,63042,38.7651641116,-90.3690177233,3.0,6,Y
n2TGZRY4xTXASWh0baHzEw,Lithia,Tennessee,33547,27.8614668423,-82.2007046107,1.5,7,Y
1FliMoYQnq72HRxEIPY0_A,Philadelphia,Florida,19107,39.9534075108,-75.1536959659,2.0,9,Y
kZNtf6Pw5sEohpQl_4a3AA,Sahuarita,Florida,85629,31.9598611041,-110.9838243256,2.5,15,Y
g9-krE9nt-pyIcKhuUO3-A,New Orleans,Tennessee,70122,30.0281103,-90.0533882364,2.0,11,Y
vpV8g_SAY8TR8Jmzevuw5g,Philadelphia,Pennsylvania,19129,40.0110715055,-75.1765092338,2.0,7,Y
78X2nrDyQSjO4-VgPI9X2w,Westhampton,Pennsylvania,08060,40.0257739203,-74.8569692594,2.0,5,Y
SP9nuwW2EfwiwiAs-y8zug,Sparks,Indiana,89431,39.5476622968,-119.7518697331,3.5,8,Y
6Ok27EEt4IDU_8gAXP591w,Indianapolis,Arizona,46229,39.7767317,-85.9566047077,3.5,7,Y
lMNB-M0rzOBZfhlmAUeLCA,Tampa,Tennessee,33612,28.0688501,-82.4352726,2.0,9,Y
hn3-6Oa6AzjZ-VmZ9BUw2A,Tampa,Pennsylvania,33647,28.1553798954,-82.356663,1.5,8,Y
YA4j4UBDpEv4cnP8alqScg,Tucson,Indiana,85748,32.2069691485,-110.7885303497,2.0,12,Y
gaa1fQD2ts9pNL2tvHXLOA,Tucson,Florida,85737,32.3936417202,-110.9964109172,3.5,5,Y
JlC4Bs7AAy-IyvDwxz8IcQ,Sparks,New_jersey,89434,39.5569653,-119.7039896,1.5,28,Y
-2CPhK6ik9ZBgFX_F-dkxQ,Tampa,Delaware,33613,28.0870290393,-82.4583099247,2.0,5,Y
DKKsai_kuH5yLrDHZU8NYQ,Tucson,Alberta,85704,32.3058141678,-111.0095849985,3.0,10,Y
np5GqYxPjiwGNPSlR-V_iA,Boise,Tennessee,83706,43.606019858,-116.2115015709,2.5,7,Y
lW0TV2wz00jSbtNV4JqA0Q,St Petersburg,Florida,33702,27.8280178,-82.6477103097,2.0,7,Y
lykLJFARTz_boAGFPfe5_A,Tampa,Nevada,33615,28.0032729,-82.5963375,2.5,12,Y
VtGfTOQvs2n0L18JHGNkgQ,Edmonton,Pennsylvania,T5J 2W9,53.541152,-113.5013523,2.0,5,Y
Fua2G2W-oE7XoWnNIbnE5A,Kenner,Tennessee,70065,30.0224763656,-90.269088,2.0,9,Y
nw58qNTeh7gRyJsEZv9EIg,Edwardsville,Florida,62025,38.7793371,-89.9828228,2.0,5,Y
cuCa48riHFi_YYEZFrSApw,Maryland Heights,Tennessee,63043,38.7139024929,-90.4392558233,3.0,5,Y
eLS3G2FMhq1kJ5obGYsG0Q,Town And Country,Pennsylvania,63131,38.6265610894,-90.4821681608,1.5,13,Y
MMe-OJeHIgRTulqKPJ-QVg,Nashville,Alberta,37211,36.0468807849,-86.715089712,1.5,7,Y
F0a_Aa4MfqWUH7HHGYRtbQ,Plymouth Meeting,Nevada,19462,40.1163764,-75.2822172,2.5,7,Y
H3gkB_js-kfN4WFojFugAQ,Metairie,New_jersey,70005,29.988502,-90.130524627,2.5,8,Y
Onr_CFM7P3rq8ILp1UFJrw,Lutz,Arizona,33559,28.1851782,-82.4071106,2.5,6,Y
Pz49gFAaCXB130Q7fhwtmA,Chalmette,Florida,70043,29.951681,-89.958578,2.0,8,Y
CSiJiPKT_OOJ6CzB0R2_GQ,Tampa,Florida,33602,27.95045643,-82.4554218558,2.5,8,Y
JkkazxGDTPQV-9670qxx3w,Willow Grove,Pennsylvania,19090,40.159108,-75.139129,1.5,6,Y
vOJvQMe_EEjea0_yFrtnkw,Sunset Hills,California,63127,38.5544479,-90.4079791,1.5,12,Y
FXL5bNO7W9_xPpEhkynnYQ,St Louis,Pennsylvania,63146,38.6953602907,-90.4290386,3.0,7,Y
6ABon6uRYt9Ji_W4ehn9lg,Boise,Florida,83716,43.5432168161,-116.1539414643,2.5,6,Y
3VdScOpQ4N1N-EqjA9NwZg,Nashville,Florida,37210,36.1572316392,-86.7706163526,2.5,5,Y
4iRZPPkZ4-EDbgEoYswUMw,High Ridge,Pennsylvania,63049,38.4763436884,-90.5214441,2.5,10,Y
H3G4upTI99ZKxtjLkDXz7Q,Nashville,Pennsylvania,37209,36.1493556487,-86.8595372,2.5,5,Y
Pms6nHJq_fBkBn3HlI1DyA,Philadelphia,Arizona,19106,39.950265,-75.147745,2.5,9,Y
jzJFNXrHorEnv0FqtB0fTQ,Reno,Pennsylvania,89511,39.4671369224,-119.7848760294,2.5,17,Y
iz-zkIOSaCsbOPMXB4rVPA,Indianapolis,New_jersey,46204,39.7668698,-86.1592368,3.5,6,Y
FR1xz_cCRWHGn6gZHa1K9g,Brentwood,Florida,37027,36.0355262687,-86.790107592,1.5,17,Y
FLYfQFkSxC5sFOkq_nb8Cw,Carmel,Florida,46032,39.9592223,-86.154627,3.5,16,Y
MWD2LFCQ-f4zezkM7fpsSQ,Indianapolis,Missouri,46227,39.7086941418,-86.1432909067,2.5,6,Y
YHpaAneR3gxFm6Ol_EKJAg,Tampa,Tennessee,33605,27.959856,-82.402366,4.0,5,Y
mca8Sx8I9M9Jz75O9f096Q,New Whiteland,Pennsylvania,46184,39.5563039,-86.088568694,2.5,5,Y
5CW82H2eIcCAH5AGzF7clQ,Philadelphia,Florida,19148,39.9217963463,-75.1468242233,3.0,9,Y
phlcnA8qZlthpAu1YLOw2A,Vail,Florida,85641,32.0508725,-110.7092846,2.5,13,Y
qqBPf0WQf8EUahAuO9oN1A,West Chester,Pennsylvania,19382,39.9592680237,-75.6166136612,2.0,8,Y
LB9agaVVjs20u-mEYXLv3Q,Greenwood,Florida,46142,39.6231106069,-86.1192098212,1.5,5,Y
rWW3oGwFEb1TGhuioDDyHw,Florissant,Missouri,63031,38.7937523,-90.3415436,2.5,5,Y
D17gTqd11OdMYBC6i6pORw,Tucson,Arizona,85711,32.2064023758,-110.9057549038,3.5,7,Y
gB33WKhCqPpWvJeUWcHlvg,Brandon,Pennsylvania,33511,27.8934577505,-82.272791931,3.0,5,Y
ZJQZ0QLow05pfXLjzsjm8w,Indianapolis,Florida,46236,39.900970333,-85.9589038909,2.5,7,Y
qhNIJZBstJWVg63SWtus0g,Tampa,Pennsylvania,33619,27.9806235,-82.339245,2.5,9,Y
PQaHCaL-EUtWmTiejAQ30Q,Bensalem,Florida,19020,40.1043306033,-74.9508775718,2.5,5,Y
4zy6I_nO7u4FVo1305mSfg,Metairie,Pennsylvania,70002,30.0017243,-90.1467937427,2.5,12,Y
HUNja54hC16w8jWPKVQqHA,Tucson,Idaho,85719,32.2365150736,-110.9427822003,2.5,10,Y
2oB29blmV7_i5kR5GvDxeQ,Indianapolis,Tennessee,46237,39.6522993734,-86.0833794436,2.0,5,Y
R8rph-89xB_CpS5dh486SA,Tucson,Arizona,85750,32.3074071,-110.8458664688,3.0,8,Y
UwDYz4wwqjr_xqhuW0bM0A,Spring Hill,Florida,34609,28.4909535358,-82.5404522147,1.5,6,Y
ZR0djeQOJnCo5MezS6giow,Riverview,Florida,33578,27.8932236,-82.3210155963,3.5,9,Y
0DpVMoXMvN7vtGDCzNy57w,Seminole,California,33772,27.8403257729,-82.7925845444,3.5,8,Y
9JZ2DY3PNLzqQtW2GkQUCg,Largo,Pennsylvania,33774,27.8797254,-82.8275084,4.5,5,Y
Raj6Hh5PYXS9cVRPAksEsQ,Carmel,Florida,46032,39.9692056,-86.1559929,2.5,5,Y
EiEfjUX05rYhSh43wKCYew,Fairless Hills,Indiana,19030,40.168774,-74.849045,3.5,5,Y
CLXAH-PtMswVupgkEsW3uQ,Kenner,Florida,70062,30.0042087,-90.2410129,2.0,8,Y
RhuFGWbkMSHWPEFvHVX5hg,New Orleans,New_jersey,70130,29.935076,-90.0787135,2.0,15,Y
QUX85oHOfZLmb-t9wxIOmg,Spring Hill,California,34606,28.4580094,-82.6241621735,2.5,8,Y
2mdQ6nhqreMnkFkSJuY6NA,Nashville,Florida,37211,36.041071,-86.7425309,2.5,13,Y
FjVAwrTr0AMfs78pDLamtA,Goleta,Tennessee,93117,34.4294670263,-119.8670702069,2.5,17,Y
pX_IVV96CreozyPtKNyEGg,Des Peres,Tennessee,63131,38.6026249699,-90.4410971586,3.0,6,Y
6bKW-ugklyJPnfFpmWSrzg,Tampa,California,33626,28.07094,-82.632432,2.5,17,Y
4z-7YMw9_YMszg2oETuKbw,St Louis,Florida,63101,38.6265832946,-90.1969516382,2.0,11,Y
1W4gz758cCBQHEmlCAycPA,Saint Louis,Florida,63118,38.591143,-90.243595,1.5,5,Y
u4FJ7DgSX2rTzWT3A9gIKQ,Norristown,Pennsylvania,19403,40.127169,-75.433474,4.0,5,Y
KDJoFaUy8Fx9cqkh0xzS7Q,New Orleans,Missouri,70114,29.9501250683,-90.0343745165,1.5,6,Y
GXwChmM3Kam95-BWU5nCxg,White House,Pennsylvania,37188,36.4699963392,-86.6737482411,2.0,7,Y
5n9LmVHeAFsfWJv520et0w,Carmel,Florida,46032,39.9415671364,-86.2344109515,4.0,9,Y
hxghdsVS3nJr1Y_KMobfeg,Goleta,Louisiana,93111,34.4367811448,-119.8028984102,1.5,19,Y
al-VBrMfrvecfnysfDBapQ,Edmonton,California,T6E 3S9,53.517386,-113.485641,4.0,5,Y
b9TgJmvmD6Edez5eMgr6bA,Indianapolis,Louisiana,46239,39.7502352102,-86.0302695,2.5,6,Y
Ojg0gd1fFb_u15FxxlAtKg,Philadelphia,New_jersey,19103,39.9545573,-75.1709457,2.0,5,Y
3O3HU-mTvl4AJkT7KH0ApA,Berwyn,Idaho,19312,40.0681261,-75.4468334,2.5,9,Y
a4dsLe2-6fJG2BdD45XlIg,Riverview,Illinois,33569,27.8582352,-82.3252061,3.0,9,Y
L617WGpANJZW8orvCdOO1w,Riverview,Florida,33569,27.8540104,-82.2723475,1.5,7,Y
XPOvJBe5f-gYMdboT_MXmw,Philadelphia,Arizona,19128,40.034586,-75.215842,2.5,6,Y
61kYBWieW5ydEW9VP2CPYw,Meridian,Indiana,83642,43.6044414,-116.4159721,2.0,5,Y
_3WAkg_nfdRoOvadFs9teA,Nashville,Indiana,37204,36.1322385,-86.7787211444,3.5,17,Y
JFxxuEeK8N2RghRQMAnYAg,Oro Valley,Arizona,85737,32.4220976444,-110.9622112565,3.5,9,Y
qJsbhljm1ccXy5H826o6Og,Garden City,Tennessee,83714,43.665074,-116.2800817475,2.5,5,Y
3Bk8kudN2sAWPp12xUA4lw,Marana,Illinois,85658,32.4251502538,-111.0439328818,3.5,14,Y
tZPmtEI7zFaCPyhpy-mrHg,Tucson,Pennsylvania,85743,32.327555331,-111.2187836,2.0,9,Y
Yn6YpvotFLYofHSHEqwOiw,New Port Richey,Florida,34654,28.2738296415,-82.6280348149,3.0,5,Y
TyT9JIoRkAzQHXH5sxkAUw,New Orleans,Missouri,70124,30.0211492983,-90.1120792472,1.5,19,Y
uVntIsdb-gMdmrCY7bvnBw,Indianapolis,Florida,46204,39.7734460405,-86.1522045317,3.0,9,Y
IVHSJYj7Z1srKbZNhmxM7Q,Kingston Springs,California,37082,36.0877452,-87.1013864,4.5,8,Y
KXW2kATTrnWZlY3TBVJqHA,Tucson,California,85741,32.3250675,-111.046587314,3.5,11,Y
xuhn6Itsf--h8-epxirWGw,St Louis,Missouri,63134,38.7323741306,-90.3566326,3.5,8,Y
WMyF7FDJBl3H2cL0Pe25Lg,Tucson,Tennessee,85710,32.2214885122,-110.8247933498,2.5,20,Y
SqRS8tgUVzRWV2FgQ0A5PQ,New Orleans,Florida,70122,30.0062151993,-90.0746515193,3.0,5,Y
hwRGsA-nW5Hi9LTApwA5RA,Boise,Florida,83704,43.6191557517,-116.3161562604,2.5,14,Y
k0PzT0_WiOZXndrsz8fIxw,Gretna,Pennsylvania,70053,29.914282,-90.047659,2.0,6,Y
zKOSvTY4AwsTImK4nxphdQ,St Louis,California,63108,38.6414664235,-90.2462918,3.0,12,Y
4eFOGnHxVgVet0gUSF7cXg,Plainfield,Pennsylvania,46168,39.6708708,-86.3683081,3.0,7,Y
qmBYuem4NQv-5zWiVI3YLg,Nashville,Louisiana,37214,36.2055429,-86.694229,3.0,5,Y
F0QWKYUmBkxWOap1xspVzw,Tampa,Pennsylvania,33611,27.8929928711,-82.5246647316,3.5,6,Y
O0e34ICtjtOZuvSN6-lGxg,Indianapolis,Tennessee,46216,39.8541597,-86.0063857932,2.5,12,Y
sWzJ4HrBxTDkVDodmwFxvQ,Edmonton,Louisiana,T6X 1A3,53.4243487,-113.462225,4.0,6,Y
kGiXSCnUl6-LMJ4FLn2k4Q,Tampa,Pennsylvania,33605,27.9552597394,-82.4366213891,1.5,6,Y
o-mPNuDkMsO7uxOZ2H8w9w,Affton,Indiana,63123,38.5493562,-90.3354295026,2.0,5,Y
ungqzRuOe6g2X7jmjOQ3dw,Hermitage,Arizona,37076,36.172629346,-86.6010262669,1.5,7,Y
lJ0kV8sQGPPw4Fm7Q5i-7A,Edwardsville,Indiana,62025,38.8116757837,-89.9521136632,2.5,5,Y
uYyfBdh2-v4Lg165p9UjNQ,Indianapolis,Tennessee,46250,39.8682373,-86.0966134,4.0,5,Y
kAGknILVe6xCv9a2uc5JHw,Carpinteria,New_jersey,93013,34.3961373756,-119.5142703997,2.0,25,Y
SviBUV-0nWV9dpS1yxDuTw,Terrytown,Pennsylvania,70056,29.9015245,-90.0182348,2.5,6,Y
YnAlDbAGvBD8c4oSO8BVKA,Indianapolis,Pennsylvania,46241,39.7000588,-86.3149531,3.0,6,Y
bP1lwYkGwLvw0TqhuamnSA,Clearwater,Florida,33755,27.9896256171,-82.7740884911,2.5,15,Y
JU3M7AnNlWvwAf5iRYC1cA,St Louis,Louisiana,63132,38.6740799,-90.3879354194,4.5,7,Y
GZA3iZJm6-_-UT95BerzUw,St Pete Beach,Louisiana,33706,27.7324685,-82.744644875,2.5,13,Y
g88mb6am4W2u_XNDN00y1A,Creve Coeur,Florida,63141,38.6699296899,-90.442754,2.5,8,Y
-x-niT6JolhXi6VuKclgxw,Edmonton,Pennsylvania,T5T 5Y1,53.5052105,-113.6191383,2.0,5,Y
iNSyPyfUPwyeKdMI6aAiYA,Tucson,California,85745,32.2515727,-111.0122355,3.5,9,Y
rpeLkHUD7iyPPoTessBPMA,Marana,Tennessee,85743,32.3728719653,-111.1361488495,3.0,11,Y
GCeVyw84N1FkIcTaA14BUA,Reno,New_jersey,89503,39.5314327,-119.863929,3.0,23,Y
O5Z8X1I8hqYnl0AC16SnjQ,Clearwater,Idaho,33759,27.9608445,-82.7222513,2.0,14,Y
6dBTa5IQLANpgRaWZJCMBQ,New Orleans,Florida,70131,29.932236,-90.004271,2.5,5,Y
iZjH7SKfiPSplPIHvbhwtQ,Green Valley,Florida,85614,31.9097505652,-110.9837053205,4.5,6,Y
YQfU5p1kRRaetzeseaM22Q,Indianapolis,Indiana,46234,39.7795325315,-86.309403624,2.0,8,Y
GFrT38hSaIZ2xO6WCV3rbg,Nashville,Florida,37204,36.1054427127,-86.7954809029,2.0,6,Y
cdbEEL_0TLOPgdfsB3PUvA,Collinsville,Florida,62234,38.691322265,-89.974966,2.5,9,Y
C96ynw3G1KrqBOdafxbTKw,Sun City Center,Florida,33573,27.714605,-82.3358514474,4.0,5,Y
